id,name
1,New Joshuahaven
2,Hegmannview
3,Lawrencehaven
4,Huelberg
5,Bellevue
6,Hellerboro
7,Livonia
8,Isidroton
9,West Veronica
10,Hialeah
11,Port Orange
12,Schambergerstad
13,Danielleshire
14,Ericville
15,Trompmouth
16,Waelchimouth
17,New Clemenschester
18,South Wava
19,Lake Monicacester
20,South Hugh
21,Eduardotown
22,Port Hassanberg
23,Nitzschebury
24,South Cassidyfort
25,Elvashire
26,Romagueraville
27,Wardburgh
28,New Kirsten
29,Rutherfordland
30,Bell Gardens
31,Kulastown
32,Midland
33,San Bernardino
34,Havenport
35,Lesleyview
36,Fort Mitchel
37,New Brandostad
38,Grand Island
39,Cicero
40,Lowecester
41,Rethafield
42,Carolynfurt
43,Marysville
44,Giovannaport
45,Citlallibury
46,Skilesfurt
47,Eloiseport
48,Elgin
49,Fort Josephine
50,Quincy
51,Funkfurt
52,Centennial
53,Lehi
54,Coralieside
55,Bowling Green
56,Lake Stanley
57,Lubowitzfort
58,Monserratworth
59,Midwest City
60,Schuppeworth
61,Fort Roycefurt
62,Furmanburgh
63,Brookline
64,Davie
65,North Madie
66,Predoviccester
67,Port Maxie
68,Sunrise Manor
69,West Godfreyburgh
70,Port Savannaview
71,Corbinfurt
72,Lake Ridge
73,Daytona Beach
74,Port Warren
75,Fort Mae
76,Tressiestead
77,Geraldton
78,Jastmouth
79,Corwinberg
80,Wylie
81,Gulgowskiville
82,Percivalstad
83,New Thelma
84,Schaumburg
85,West Steve
86,New Berniebury
87,Sayreville
88,Katherynville
89,Novi
90,New Kellen
91,Port Nathen
92,West Quinton
93,Marietta
94,West Adela
95,New Maureenmouth
96,New Morgan
97,North Johan
98,South Imafort
99,East Kevonhaven
100,Yuma
101,South Shannyland
102,Lake Marionfurt
103,Amarafield
104,South Alexandrinecester
105,Walterboro
106,East Flossiechester
107,Kenner
108,Odessastead
109,Fort Eudora
110,San Ramon
111,Langoshborough
112,New Deannacester
113,Camden
114,Joneshaven
115,Phoenix
116,South Felix
117,West Lafayette
118,East Kailee
119,Weston
120,Bayamon
121,Tyshawnchester
122,North Horacio
123,Sioux City
124,Riverton
125,Grand Junction
126,Port Buddyboro
127,New Reta
128,Zionworth
129,Rueckerstad
130,Fort Octavia
131,Sengertown
132,South Audreystead
133,Fort Citlalli
134,Fosterborough
135,Kuhicview
136,Moenberg
137,Buckeye
138,West Janelle
139,Keaganworth
140,Shoreline
141,Tristianport
142,East Lansing
143,Edfurt
144,Hodkiewiczfield
145,Denaworth
146,Oralfort
147,Milpitas
148,East Zola
149,Kaydenhaven
150,Lake Claude
151,Vidacester
152,Marksfort
153,San Clemente
154,New Lisandro
155,Kuphalburgh
156,West Gladycestad
157,Severn
158,Nedview
159,Montgomery
160,Aldenboro
161,Dwightberg
162,Chayaburgh
163,Kalamazoo
164,Zboncakboro
165,East Caleigh
166,West Casimerton
167,Luciestead
168,Greggworth
169,Rosinaview
170,Ezrabury
171,South Shemarfurt
172,New Amaraland
173,Pfefferberg
174,Huntington Park
175,Bartellton
176,Erintown
177,Effertzmouth
178,Port Cleora
179,South Jordan
180,Tesschester
181,Ratkefort
182,Wymanhaven
183,Port Kailyn
184,Sanfordshire
185,North Alexandriaworth
186,North Therese
187,South Osvaldobury
188,Lake Neal
189,Miami Beach
190,South Anabelleside
191,North Torrancestad
192,South Reece
193,Syracuse
194,New Zanderhaven
195,South Julio
196,Aidencester
197,Port Bessieshire
198,New Geovanyworth
199,Miaport
200,Fort Otilia
201,Mission
202,Ondrickaview
203,North Barbara
204,North Gradyland
205,Ellicott City
206,Bel Air South
207,Placentia
208,Lake Evans
209,Dayton
210,Lake Donald
211,West Jaylanside
212,West Christopville
213,Kassulkeland
214,Kulasboro
215,Fort Travon
216,New Pearlbury
217,Port Theodore
218,Jameyfield
219,Towneport
220,Union City
221,Cordiaworth
222,East Dagmarmouth
223,Fort Henriborough
224,Lake Dejahbury
225,South Gate
226,Fort Madonna
227,Allentown
228,Joside
229,Lake Ariel
230,West Leanne
231,North Erik
232,South Wilhelminehaven
233,Passaic
234,Micheleside
235,Fort Rebeca
236,New Alfonso
237,West Valley City
238,Millcreek
239,New Favianboro
240,Botsfordville
241,North Nolanview
242,Alexandraland
243,Lake Kylee
244,South Tito
245,Kohlerberg
246,Casa Grande
247,Pompano Beach
248,New Braunfels
249,Hiramfort
250,Hattiesburg
251,Elkhart
252,Kacieshire
253,Lynn
254,Fort Liamstead
255,Lake Newtonburgh
256,Gladyceborough
257,Vivianfield
258,Boise City
259,Brockton
260,North Amparo
261,Rodrigostad
262,New Robyn
263,South Berthaton
264,Boulder
265,Lake Mylene
266,Aliberg
267,Riverside
268,Sanfordburgh
269,Merleborough
270,Reichelton
271,White Plains
272,West Leonorstad
273,Broderickburgh
274,Lakeland
275,South Torrance
276,Chicago
277,Michaelborough
278,Marjoryfort
279,New Marvin
280,Ludiefield
281,New Donavonville
282,Raoulstad
283,South Jairofort
284,Port Gusborough
285,West Tristinton
286,North Yesseniacester
287,Port Elnoraworth
288,East Felicia
289,Fort Jade
290,Lake Lucasbury
291,Lake Kattie
292,Tysonborough
293,North Chancetown
294,Abbottside
295,Rachaelmouth
296,Lake Wilford
297,Lake Elissa
298,Lake Hiramborough
299,Reicherthaven
300,Lake Raleighburgh
301,Lake Rosamondborough
302,Lake Ivyport
303,Visalia
304,Fort Bailee
305,Sherwoodbury
306,Donnellymouth
307,Jonesport
308,East Octaviastad
309,Lake Fredytown
310,Hutchinson
311,Baronview
312,Laurianestead
313,South Lorenz
314,Fredrickmouth
315,Fritschstead
316,North Madelinetown
317,Audreyfort
318,Cummeratacester
319,Fort Molliefield
320,Shayneland
321,Harveyboro
322,Fort Merritt
323,Jaskolskiworth
324,Harberport
325,Brownstad
326,Killeen
327,Weissnatshire
328,Warwick
329,Osinskiberg
330,Ryleehaven
331,North Ramonborough
332,Fort Oceane
333,South Gradyfurt
334,New Lorna
335,Jastville
336,DeKalb
337,North Leonelcester
338,Oberbrunnerside
339,Fontana
340,Chadfort
341,Alisastad
342,New Emmaleefurt
343,Padbergside
344,Port Foster
345,Largo
346,Lake Ethanboro
347,West Marie
348,Kennyview
349,Konopelskistead
350,South Jayde
351,Appleton
352,North Erickshire
353,North Delfina
354,Fort Alexane
355,Rennermouth
356,East Cyrus
357,East Krystina
358,East Maegan
359,West Zitaview
360,South Ethashire
361,Naderberg
362,Katelynnstead
363,Kemmershire
364,South Gladysboro
365,Chandler
366,Haneboro
367,North Darenchester
368,North Lenore
369,Lake Bobby
370,Port Jazmyne
371,West Omer
372,North Jadenstead
373,Fort Dustyville
374,Kenyattastead
375,Kenton
376,Wichita
377,Lake Rebecaton
378,Reingerstead
379,Kenosha
380,Ellisfort
381,Mosciskihaven
382,West Lizzie
383,Port Schuyler
384,Fort Garrickworth
385,Alfonsobury
386,Lake Ettie
387,West Cristianworth
388,Isabelstad
389,West Kasandra
390,Coral Springs
391,Ortizville
392,Nilsside
393,North Edburgh
394,Montanaside
395,Ritchieland
396,Lake Thomas
397,San Diego
398,New Paula
399,Antoniettamouth
400,Fort Neomamouth
401,North Taliaberg
402,North Mitchel
403,San Buenaventura (Ventura)
404,Lake Cecileboro
405,Bartonshire
406,Kiehnfurt
407,Morissettehaven
408,South Opal
409,Port Timmothy
410,Maple Grove
411,East Santiago
412,Connstead
413,Lake Wilmer
414,East Rogersport
415,Methuen Town
416,East Elnora
417,Soledadtown
418,Lake Tyreeton
419,Port Elnaport
420,Elisestead
421,Hammesstad
422,Fort Dalton
423,Plantation
424,Lockmanport
425,Samantabury
426,Fort Savannah
427,New Maiya
428,West Domenicaside
429,Abeton
430,Fort Jeffery
431,North Lavina
432,Dearborn
433,Johnpaulchester
434,Merced
435,Howellport
436,San Leandro
437,Vedastad
438,West Shad
439,Maricopa
440,New Trishaburgh
441,Christianshire
442,East Halle
443,Bend
444,Juanitachester
445,New Zachary
446,Braxtonfort
447,Sammiestad
448,Port Melynaburgh
449,West Fredy
450,South Waltonshire
451,New Nickland
452,Tulsa
453,New Brunswick
454,Ethylfort
455,Jerrellchester
456,Nevaberg
457,Emmiechester
458,West Bonnie
459,Collinport
460,Port Florinestad
461,Estelhaven
462,Emardberg
463,Fort Keelystead
464,East Jerrold
465,Landenville
466,South Lutherboro
467,Sisterburgh
468,Tryciaport
469,Roweboro
470,Lueilwitzside
471,Ernserside
472,Elenoraville
473,Lake Skye
474,Lake Aliya
475,East Daniellafort
476,South Wayne
477,South Teaganland
478,Port Williamboro
479,Lakinfield
480,Fort Bethel
481,Willmsstead
482,West Dionton
483,Fort Maurine
484,West Elmira
485,Fort Mortonton
486,East Melba
487,Lueilwitzmouth
488,Brandynton
489,South Brandyn
490,Handfort
491,Cathedral City
492,Howellside
493,Torphyfort
494,South Lorainehaven
495,Orlandoborough
496,Port Erin
497,Port Mitchel
498,Detroit
499,New Allan
500,Newton
501,West Ottishaven
502,South Alvah
503,Lake Maia
504,Collierville
505,New Mylene
506,West Sofiastad
507,Grand Forks
508,Bednarborough
509,Emmerichworth
510,Muellerboro
511,Nataliaview
512,East Alia
513,Jacynthechester
514,South Orie
515,Hymanview
516,South Rollinworth
517,Annandale
518,Bayerchester
519,Stewartburgh
520,Reidburgh
521,Walshfield
522,Johns Creek
523,Port Eduardomouth
524,Susannaville
525,Logan
526,West Hailie
527,Darrenland
528,Binghamton
529,Lake Connerview
530,Wilmastead
531,Fisherstead
532,South Trevamouth
533,Fort Icie
534,West Daron
535,Modestacester
536,Lake Yesseniaborough
537,Lake Nina
538,Enolaville
539,New Gennaroworth
540,New Fernandoshire
541,Lake Kim
542,Heathcoteville
543,North Garth
544,Lake Frances
545,Fort Brandy
546,South Rogersfort
547,East Margretview
548,South Whittier
549,Homenickview
550,Sydniecester
551,Fort Carmela
552,New Cali
553,Gayleworth
554,Pittsfield
555,Bryan
556,Danbury
557,South Augustinechester
558,Port Kennyton
559,Anitaboro
560,Kamrenfield
561,Flint
562,Pueblo
563,South Francesworth
564,Goldnerborough
565,Atlanta
566,Mentor
567,Hanford
568,Fort Althea
569,New Mercedes
570,Hannaburgh
571,Klingland
572,West Mae
573,Haagboro
574,Gary
575,Abigailbury
576,East Rachael
577,Lehnerfurt
578,Tracy
579,North Rachelle
580,Cecileton
581,Cutler Bay
582,North Aylin
583,Princeville
584,Gordonfort
585,Port Annieshire
