id,firstName,lastName,phone
1,Eliezer,Reilly,1-776-977-5427 x3676
2,Lon,Ruecker-Sawayn,1-260-876-5812 x30229
3,Shyanne,Grimes,834.367.9925 x21827
4,Cristian,Kohler,516-449-6172
5,Norris,Ondricka,(461) 700-6136 x1348
6,Emmett,Runolfsson,1-200-553-0036 x8074
7,Bianka,Kihn,1-494-616-6751 x07308
8,Hosea,Kuhlman-Hermann,421-686-2844 x050
9,Gordon,Kuhic,519-229-1524
10,Ottilie,Collins,299.798.0025 x38175
11,Koby,Terry,373.957.6792 x9191
12,Aric,Fay,(352) 447-7552
13,Annamae,Herman,314-978-7384 x76112
14,Jamison,Wunsch,(306) 799-5258
15,Cruz,Renner,247-594-3356 x10839
16,Abraham,Pfannerstill,682-263-6987 x576
17,Ines,Heller,779.362.4966 x297
18,Brielle,Franey,1-246-445-5904 x803
19,Harmon,Wisoky,1-601-886-1711 x39009
20,Haley,Mayert,824.853.2223
21,Hertha,Greenholt,1-229-379-4501 x13444
22,Margarett,Walker,1-561-696-4564 x472
23,Tara,Lueilwitz,1-994-863-4190
24,Carolyne,Rutherford,528.500.8196 x570
25,Arely,Lemke,(844) 558-4130
26,Prince,O'Keefe,517-965-6516 x84126
27,Genoveva,Crona,707-431-8560 x47976
28,Alf,Swift,945-624-2322
29,Ronny,Little,557.980.7955
30,Garrick,Bergstrom,(817) 965-1802 x23140
31,Yadira,Okuneva,289.983.3684 x986
32,Coleman,Kihn,734.698.2083 x79504
33,Joannie,Olson,325.711.5143 x5466
34,Dawson,Kris,280-649-9681 x2365
35,Dovie,Zulauf,745.696.5880 x5796
36,Deron,Hilpert,(220) 502-9713
37,Graciela,Lakin,495-206-6311 x7980
38,Lester,Hermiston,866-981-2164
39,Anderson,Kuvalis,1-938-631-0914
40,Trevion,Hickle,987-902-7663 x07230
41,Harrison,Kunde,670-355-3473
42,Clinton,Jenkins,1-554-480-3121 x39237
43,Scotty,Jakubowski,(262) 837-7439 x19818
44,Dangelo,Schulist,1-844-917-0903
45,Eloisa,Crooks,299.927.2929 x30016
46,Jany,Reynolds,1-667-568-3015
47,Laron,Kutch,(691) 629-0829
48,Lourdes,Hirthe,(889) 543-3866 x018
49,Elva,Kautzer,205.766.9809 x5562
50,Cassandre,Rempel,(224) 701-6206
51,Marquis,Moore,1-532-750-1109 x22972
52,Lemuel,Harvey,207.731.1024
53,Shawna,Connelly-Blick,465-567-9814 x9933
54,Elton,Barrows,549.755.4756 x2485
55,Mark,Corwin-Mohr,495.269.9447
56,Jaida,Hahn,(323) 281-3290 x79043
57,Rashawn,Stehr,(271) 887-0577 x93997
58,Lempi,Cronin,1-596-630-2465
59,Benton,Heidenreich,967.274.9108 x8549
60,Betty,Windler,(352) 983-9627
61,Jazmyn,Hermiston,1-359-488-2544 x958
62,Chelsey,Parker,1-752-473-9663 x926
63,Ivory,Prohaska,315-370-3958 x267
64,Olin,Lemke,372.737.4662 x750
65,Heath,Bayer,571.685.0520 x424
66,Camron,Rath,300-403-5549 x0772
67,Rhoda,Rohan,839-612-4106 x41285
68,Kole,Auer,1-869-784-7229 x7491
69,Aron,Reynolds,1-473-400-9800 x0231
70,Cordie,Spinka,572-497-6973 x838
71,Duane,Jacobson,1-955-476-4968 x939
72,Vivianne,Torphy,1-603-861-1336 x922
73,Margie,Langosh,541.783.6156 x309
74,Jasen,Dach,935.614.8530 x693
75,Shawn,Hintz-Morissette,(287) 951-2068 x25582
76,Shannon,Gleichner,646-211-1271 x5544
77,Amelie,Wiegand,(308) 806-1386 x10512
78,Jamey,Sawayn,(510) 810-9240 x373
79,Narciso,Gibson,(377) 810-1101
80,Alfreda,Kunze-Baumbach,1-365-301-8278
81,Immanuel,Lakin,1-369-372-3032 x113
82,Hailie,Wiza,1-322-763-3624
83,Abdul,Parisian,442.884.6902 x681
84,Lavina,Wuckert,1-857-687-4205 x63520
85,Vicky,Von,1-764-521-8563 x42628
86,Paige,Wisozk-Pacocha,428-690-3007 x848
87,Abigale,Windler,311.490.2291
88,Adriel,Zboncak,(212) 861-1534 x1348
89,Erin,Dooley,1-364-792-8250 x608
90,Marcel,Kuhn,314.830.0419 x174
91,Aliya,Treutel,1-911-245-1632
92,Aurelie,Herzog,738.578.1759 x3354
93,Godfrey,Kihn,1-526-469-9240 x59824
94,Tessie,Mosciski,396.432.4107 x5401
95,Tara,DuBuque,(929) 702-9544 x2510
96,Arne,Brown,462.458.4024 x59371
97,Jeffry,Turner,(833) 716-0114 x63247
98,Tyshawn,Hoppe,1-481-713-6451
99,Litzy,Prosacco,209-553-7317 x93498
100,Ryder,Osinski,975.467.4533 x7897
101,Leonard,Beatty,(707) 282-1217 x92680
102,Heber,Sanford,877-975-3899 x791
103,Arch,Predovic,(558) 679-0631 x459
104,Cecil,Crona,650.719.7257 x398
105,Alfreda,Rowe,662-623-8812 x579
106,Paolo,Schmitt,1-821-582-8348 x218
107,Emilio,Murphy,1-641-271-2896 x33830
108,Ena,Erdman,983-918-9678 x06483
109,Kamren,Feest,1-914-256-9790
110,Eloise,Weber,1-426-790-0470 x655
111,Emmett,Kovacek,289.481.6446
112,Antonina,Turner,1-371-594-3730 x52422
113,Rey,Boyle,582-572-4042
114,Keshaun,Thompson,672-240-2993 x007
115,Ila,Schneider,1-539-474-2092 x645
116,Victoria,Quigley,555.823.8456 x7575
117,Demetris,Hauck-Cremin,422.554.4300 x415
118,Marlen,White,1-640-655-0821 x8893
119,Sim,Brown,1-347-448-6965 x4584
120,Hubert,Sauer,745-469-1103 x43115
121,Dahlia,Predovic,576.390.8978 x5479
122,Shania,Reynolds-Lemke,216-476-0561 x63423
123,Timmy,Konopelski,381-311-2867 x13344
124,Armani,Wunsch-Hamill,1-855-737-0908 x46268
125,Rodrigo,Hackett,790.933.5065 x536
126,Brittany,Satterfield,246.989.0084 x9084
127,Mustafa,Rogahn,1-839-285-7581 x61310
128,Minnie,Barrows,1-513-461-5522 x6877
129,Tristin,Torp,912-515-7784 x6300
130,Hilton,Bogisich,756-999-9762 x5426
131,Idella,Bashirian,499.845.5905
132,Edwardo,Strosin,(210) 691-8921 x1984
133,Irving,Johnston,1-499-526-8883 x0523
134,Anthony,Hirthe,1-398-361-3679
135,Jean,Stehr,(342) 287-7090 x95425
136,Albina,Reichert,(901) 630-6418 x887
137,Mittie,Brakus,566.698.7755 x77638
138,Golda,Schimmel,(848) 982-2581 x49820
139,Tanner,Hintz,699.262.2469 x23627
140,Jerry,Schimmel,1-535-850-9713 x04732
141,Brennan,Macejkovic,1-882-927-8255 x0478
142,Denis,McKenzie,1-236-388-7181 x8187
143,Eusebio,Nitzsche,523.537.0665 x45811
144,Rosalyn,Zulauf,646-307-3921 x3457
145,Marco,Kunde,431.915.5213 x4223
146,Mable,Schneider,1-568-744-7201
147,Raphael,Jacobi,1-455-813-1977 x28599
148,Lola,Abshire,994-943-3726 x5514
149,Tierra,Wiza,(962) 322-5072 x895
150,Roxane,McKenzie,589-507-4001
151,Christopher,Jast,1-320-425-3420 x629
152,Preston,Hudson,941.380.5967 x53128
153,Zakary,Padberg,853-289-2070 x96623
154,Jacey,Vandervort,341.716.2539 x458
155,Nelda,Abbott,726-881-1782 x6025
156,Stanley,Turner,1-755-364-1407 x95283
157,Jed,Conn,684.857.8771 x185
158,Aiyana,Hegmann,280.567.8727 x90325
159,Margret,Vandervort,665-205-4762 x11397
160,Jarvis,Pagac,(799) 685-8067 x5537
161,Abbey,Pacocha,432.751.3453 x47357
162,Lindsey,Hand,1-706-332-2859 x75804
163,Lillian,Kunze,1-978-280-3714 x2033
164,Ellsworth,Donnelly,(968) 679-3405 x097
165,Aaron,Armstrong,1-368-988-2316
166,Kristoffer,Huels,1-824-500-1204 x90740
167,Octavia,Bosco,1-363-291-1252 x134
168,Riley,Okuneva,1-488-823-3829 x2823
169,Malika,Grady,206-808-4416
170,Monique,Moore,1-271-235-2302
171,Arielle,Kshlerin,1-212-973-4819 x14208
172,Arnaldo,Dibbert,(259) 437-4777
173,Alverta,Gottlieb,(436) 490-7843 x904
174,Wallace,Halvorson,466-744-2856
175,Melody,Dibbert,889-437-3124
176,Tiana,Upton,517.286.6321 x0700
177,Gwen,Grimes,1-655-547-8530 x099
178,Marc,Quitzon,382-244-1681 x0205
179,Hershel,Zemlak,1-442-479-3543 x90487
180,Kimberly,Olson,1-814-612-4385 x22509
181,Mohamed,Kirlin,(470) 611-8805 x614
182,Trenton,Boyle-Cremin,503.873.1739 x53796
183,Estefania,Kozey,264-871-9286 x6366
184,Era,Roberts,246.814.2555 x0972
185,Desmond,Durgan,641-658-2420 x53470
186,Maximo,Tromp,638-567-4443 x37443
187,Jovany,Koch,1-315-618-4833
188,Ashley,Ratke,862.463.6108 x0229
189,Melba,Keebler,(304) 224-4586 x463
190,Camille,Bartoletti,1-996-548-1601 x54804
191,Isaiah,Stokes,824.217.5995 x452
192,Andrew,Greenholt,991.659.5680 x52108
193,Armand,Deckow,1-765-700-6887 x22324
194,Phyllis,Jenkins-Dooley,1-225-585-5824 x46886
195,Connor,Volkman,443-370-2776 x67473
196,Valentina,Price,713.578.4392
197,Leanna,Purdy,1-777-476-8389 x12355
198,Sebastian,Hane,(867) 962-6986 x9780
199,Foster,Bernhard,740.389.1921 x21546
200,Rod,West-Nitzsche,1-955-634-9545
201,Brook,Schuppe,783-211-6077 x714
202,Georgette,Bode,474-557-8366 x350
203,Matilde,Schultz,1-592-735-7291 x6027
204,Hayley,Crist,549-704-7839
205,Ramiro,Beahan,968-449-5873 x90534
206,Rollin,Raynor,322.892.9638 x10373
207,Lauren,Reilly,833-396-4908
208,Magdalen,Reilly,404-657-5227 x1864
209,Sylvester,Lynch,598.880.4735 x2658
210,Franco,Gulgowski,1-786-946-7745
211,Jayda,Kshlerin,538.906.7420 x0116
212,Ila,Zulauf,(463) 378-2725 x74028
213,Marvin,Yost,313-465-7826 x0163
214,Donald,Feest,(854) 367-3349 x8387
215,Darryl,Lind,1-838-812-6854 x713
216,Leora,Senger,792-898-3917 x6778
217,Dennis,Quigley,1-934-763-9085 x518
218,Alex,Kreiger,960-423-6663
219,Loma,Oberbrunner,(706) 997-1604 x64559
220,Rowan,Bergstrom,768-350-7307 x001
221,Janice,Mayert,1-345-481-3922 x8337
222,Roderick,Bradtke,1-712-704-9685
223,Myrtice,Heller,(738) 549-0159 x7556
224,Urban,Lebsack,1-221-532-9735 x2173
225,William,Bruen,(606) 875-2120 x6920
226,Amelie,Bernhard,(735) 517-4538 x0775
227,Nicole,Hodkiewicz,1-389-708-4851 x767
228,Cyrus,Sawayn,1-303-614-4711 x192
229,Adan,Konopelski,287-486-2002
230,Maxwell,Stracke,424.272.4469 x818
231,Diego,Lind,689.624.5047 x5698
232,Novella,Trantow,1-599-937-5899 x601
233,Zoila,Strosin,429-245-2995 x09175
234,Hermina,Jaskolski,935-622-9683
235,Ciara,Kshlerin,1-570-943-6003 x63858
236,Sienna,Howe,(238) 378-7210
237,Florian,Dietrich,633.477.3182 x567
238,Arnoldo,Langosh,(814) 906-0865 x04103
239,Monserrate,Simonis,1-896-486-7563 x77873
240,Roberta,McGlynn,877-272-7104 x1088
241,Zion,Fahey,1-850-365-9229 x81167
242,Clay,Wisozk,883.299.5634 x5632
243,Jay,Runolfsdottir,1-625-293-1958 x0940
244,Lelah,Kub,1-837-463-8997 x60665
245,Sharon,Jones,884.428.9446 x7515
246,Jettie,Jaskolski,818.377.9336 x0526
247,Gracie,Willms,638-255-1171 x713
248,Camilla,Donnelly,1-532-732-4358 x34731
249,Joana,Welch,263.678.3272
250,Aiden,Bauch,1-326-637-8749 x08937
251,Assunta,Nikolaus,(873) 560-5799
252,Georgiana,Bahringer,432-274-9669 x48178
253,Isai,Bradtke,(325) 591-9906 x843
254,Chloe,Beer,1-722-983-3637 x541
255,Samara,Miller,(931) 670-2340 x808
256,Christ,Bins,681.884.8752
257,Noble,Paucek,572.927.4400 x812
258,Herbert,Christiansen,751-709-2625 x6346
259,Jules,Swaniawski,1-725-967-0756 x349
260,Shayna,Armstrong,210.956.3850 x676
261,Abagail,Macejkovic,674-637-9894 x3505
262,Eugene,Reichel,1-786-569-0406 x346
263,Winona,Borer,(381) 889-8989 x81207
264,Matt,Dooley,(239) 415-7868 x15737
265,Holly,Schmitt,862-800-0552 x45634
266,Alda,Rodriguez,1-575-295-6017 x129
267,Kaden,Witting,(286) 610-5513 x60436
268,Ignacio,Sanford,(692) 217-9271 x851
269,Jaylin,Auer,320.241.2182 x8555
270,Beth,Keebler,(377) 243-1931 x9348
271,Donny,Emard,(680) 853-3407
272,Vita,Schuppe,841.963.1649
273,Abagail,Kertzmann,747-945-0568 x491
274,Karlee,Considine,935.653.7136 x326
275,Emmie,Stracke,801.200.8027 x89976
276,Mateo,Brown,1-462-433-5280 x173
277,Cooper,O'Keefe,309.397.3962 x53898
278,Annie,Kris,909-388-7484 x635
279,Wilson,Franecki,1-250-346-9921 x9905
280,Larissa,Gleason,204-957-7143
281,Ruthie,Schmidt,332.481.9944
282,Fredy,Hagenes,(391) 723-3245
283,Mylene,Monahan,1-562-441-0147 x5535
284,Joelle,Kassulke,352.493.6068
285,Kaci,Schamberger,595-796-2898
286,Elian,Greenholt,551.842.3168 x382
287,Jonathon,Bashirian,734-252-8867 x2485
288,Emie,Volkman,(702) 252-8084 x789
289,Mckenzie,Brekke,(881) 902-2247 x53597
290,Alden,Cartwright,390.984.5840 x484
291,Emie,Lubowitz-DuBuque,624-378-9036 x67895
292,Ruth,Oberbrunner,1-881-871-5233 x00846
293,Nash,Murazik,913-506-3378 x853
294,Fabian,Gusikowski,369.485.1193 x42790
295,Jeanie,Gorczany,636-469-0946
296,Gerhard,Hackett,(898) 312-9874
297,Ralph,Lynch,880-434-4271
298,Bettye,Ryan,203-383-0194
299,Winnifred,Veum,746-263-6756 x97953
300,Elmore,Murphy,749-291-4941
