id,name,phone
1,Jannie Pollich,1-214-950-8235 x17028
2,Larue Nicolas,491.679.6131 x5344
3,Jamal Cole,730-998-4787 x0297
4,Deshaun Reilly,221-833-6515 x3999
5,Isac Feest,455-721-1980 x5561
6,Abbey Predovic,1-610-602-7179 x491
7,Casey Schmitt,452.528.8018 x65943
8,Romaine Wehner,480-226-6113
9,Dimitri Predovic,(565) 750-4199 x88944
10,Madyson Ullrich,755-826-1615 x2603
11,Abelardo Cummerata,470-589-1178 x689
12,Frederick Stark,682-888-7288 x9225
13,Burley Bogisich,(476) 747-6616 x9627
14,Orrin Kirlin,791-757-6475 x7089
15,Michaela Shanahan,497.691.2845
16,Maude Rosenbaum,334-839-5236
17,Annabelle Roberts,(866) 403-2964 x5302
18,Geovanny Jacobs,1-634-439-5897 x68352
19,Edythe Von-McKenzie,(744) 630-3343
20,Lila Bayer,(294) 869-2918 x9582
21,Marjolaine Kerluke,447-901-2015
22,Jose Altenwerth,1-922-325-7068 x246
23,Frida Rempel,258.413.8258 x9685
24,Aisha Murazik,1-574-454-6723 x241
25,Nash Zboncak,652-660-2383 x923
26,Katheryn Pollich,1-459-584-8890
27,Johnny Stracke,646.539.8995 x953
28,Laurie Jones,512-516-1860 x8515
29,Willard Altenwerth,375.311.7417 x4945
30,Dana Murray,1-402-477-7814 x3412
31,Prudence Heathcote,(338) 455-8005 x953
32,Britney D'Amore,208-223-1994 x188
33,Kallie Lemke,243.637.8292 x56868
34,Abraham Funk-Sauer,1-878-993-9715 x350
35,Theron Douglas,1-370-932-3384
36,Candice Durgan,269-946-3025
37,Jacey Marquardt,1-958-897-3877
38,Kennedi Abshire,204.970.6917 x049
39,Ryder Predovic,(221) 939-5722 x14291
40,Lew Champlin-Upton,1-249-796-2493 x023
41,Javier Beier,(801) 390-9702 x901
42,Jerald Jerde,(596) 476-9560 x655
43,Jewell Huel,256.544.3751
44,Icie Mohr,1-703-629-4769 x17866
45,Shayne Oberbrunner-Cronin,(829) 700-9923 x3866
46,Leone Heaney,1-852-472-0473 x9833
47,Emory Zemlak,1-360-980-8073
48,Abagail Von,(740) 203-3968
49,Clark Feeney,(493) 695-0056 x0201
50,Kaya Runolfsdottir,1-773-844-1572 x2092
51,Tina Bode,1-394-228-3396
52,Delphia Schowalter,919.811.0819
53,Ciara Grimes,367.410.2792 x365
54,Kailee Rohan,336-703-4420 x295
55,Elliot Mayer-Ziemann,(419) 788-6673
56,Alf Stokes,1-818-857-7860
57,Marcus Watsica,1-450-893-8634 x521
58,Lyla Bergnaum,(987) 205-6384 x649
59,Mia Bogan,670-430-5733 x725
60,Devon Jones-Quigley,584.357.1353 x985
61,Geo West,762-562-9720 x169
62,Vito Donnelly,791-516-5692 x0330
63,Savanah Cormier,1-231-894-0458 x24357
64,Steve Collins,(839) 835-5643
65,Gerhard Rutherford,(604) 685-6043 x440
66,Troy Abernathy,1-408-847-8773 x5509
67,Americo Bruen,(988) 343-3911 x2682
68,Cale Powlowski,(674) 486-7165 x16607
69,London Spencer,765-271-0881 x531
70,Dallas Halvorson,1-519-523-5752 x445
71,Marilyne Dickens,(955) 916-3760 x18289
72,Wilhelmine Jerde,915.205.7479
73,Sim Rice,(497) 305-8395 x96363
74,Sincere Johns,1-947-491-3814 x315
75,Selina Walker,691.428.4491
76,Tiffany Buckridge,229.941.3652
77,Jarred Turner,789-328-1162 x1051
78,Wava Ritchie-Jenkins,637.324.1495 x87113
79,Abe Shanahan,873.414.1911 x145
80,Cicero Muller,1-895-636-4556 x1739
81,Emmitt Nitzsche-Feil,(816) 530-9143 x4671
82,Mara Williamson,539.301.4395
83,Zita Upton,1-320-495-7097 x042
84,Jerod Kertzmann,1-275-725-3611
85,Adelia Towne,1-780-336-9066 x6280
86,Lesley Mitchell,(924) 400-5599
87,Moses Marks,(538) 433-7663 x93140
88,Keshawn Kling,(940) 824-3305 x22467
89,Adam Haley,733-212-5317 x83533
90,Breana Turcotte,730-499-7730 x73595
91,Kyler Dickinson,(697) 967-6100 x169
92,Beaulah Johns,(693) 221-2396 x21822
93,Bertram Trantow,(757) 380-7239
94,Alice Reynolds,742.570.2703
95,Arvel Pfannerstill,951-572-2070 x34916
96,Hildegard Renner,1-616-372-1567
97,Bennett Terry,(398) 927-9546 x995
98,Brennon Hessel,418-834-9805 x19014
99,Victoria Koch,903.419.2314
100,Marcus Stiedemann,(809) 956-1565
101,Bobbie Rau,1-999-546-1581 x53315
102,Savion Simonis,463-712-0901
103,Isom Smith,666.901.8751 x6234
104,Ashton Mayer,(607) 695-2549 x775
105,Loyce Wilderman-Halvorson,750-365-6664 x393
106,Jacinthe Mosciski,1-910-899-3529 x936
107,Trevion Schinner,212.932.8719 x1141
108,Vinnie Becker,225-340-3604
109,Marina Herzog,932.399.4823 x4336
110,Adrienne Schumm,1-550-670-3930 x2489
111,Jaiden Sanford,1-271-938-6026 x285
112,Cale McCullough,1-932-910-5033 x9325
113,Jody Nienow,657.740.6337
114,Carolina Harvey,890.369.0172
115,Jeff Fritsch,1-697-939-4639 x0268
116,Kiarra McGlynn,(417) 682-8891 x989
117,Claud Rippin,(232) 291-6608 x7606
118,Aric Windler,400-457-1850 x51589
119,Claud Legros,(323) 753-6960 x1983
120,Carmela Glover,(711) 549-6368 x29882
121,Dana Hayes,(857) 301-1656
122,Ada Metz,581.448.6842
123,Nash Funk-Hyatt,1-694-301-1170 x89782
124,Lydia Stark,298.701.7554
125,Dimitri Armstrong,(992) 272-3546 x78189
126,Lilla Larson,(230) 258-1095 x4602
127,Rene Senger,(989) 646-0515 x3581
128,Keshaun Bernhard,682.431.0743 x57721
129,Henriette Zemlak,(892) 991-1708
130,Frederique Jaskolski,404-910-1241 x9637
131,Lazaro Ward,1-687-409-1285 x579
132,Kale Gleason,(292) 494-7306 x0176
133,Damion Kozey,1-280-461-3772 x306
134,Prudence Johns,(827) 813-6085 x94043
135,Dylan Larkin,645-643-9714 x3942
136,Colleen Veum,219-917-7882 x22642
137,Veda Collier,(265) 750-8590
138,Orie Olson,1-787-936-8679 x57050
139,Chet Crist,268-655-3744 x0035
140,Terrill Reilly,332-858-1801 x12864
141,Garry Lesch,(616) 859-4380 x62501
142,Susanna Simonis-Rice,630.991.1843 x68008
143,Jerod Brakus,331.241.0458
144,Aimee Little,1-916-346-7350 x88636
145,Holden Fahey,615.803.1575 x8182
146,Helen Harris,1-962-958-7243 x261
147,Amber Murazik-Schumm,(322) 597-2272
148,Alda Mills,(307) 323-4467 x5666
149,Johanna Okuneva,1-872-289-2970 x611
150,Eric Konopelski,869.573.7777 x254
151,Leonel Beer,(559) 673-8442 x4819
152,Dessie Kulas,(521) 495-9015 x13191
153,Shaylee Connelly,1-321-474-4504 x034
154,Bryon Hamill,649.872.5191
155,Nicholas Schamberger,(912) 270-1879 x94055
156,Brendon Hyatt-Blanda,351.398.2719 x9188
157,Dawson Kshlerin,566-700-2075 x244
158,Alda Adams,1-454-725-6440 x6995
159,Kristin Runte,232-733-3056 x6130
160,Lucienne Kuphal,1-464-742-6260
161,Raina Weimann,489-429-5047 x290
162,Bernita Hyatt,845.411.9497
163,Pearline Monahan,956-902-1002 x27979
164,Nick Sawayn,1-724-350-6727 x1882
165,Royce Jast,629-678-7190 x227
166,Lucie Kilback,592-633-8947 x085
167,Twila Lynch,696-592-8784 x163
168,Agustin Lang,411.411.0562
169,Madie Hilpert,465-226-6912
170,Cletus Marvin,(634) 470-5650
171,Claudine Considine,(978) 841-3641 x9017
172,Omari Greenfelder,1-934-968-6563 x8737
173,Ericka Fadel,545-717-1427 x306
174,Albert Weber,(940) 594-0080 x47855
175,Elisa Kuhic,1-223-385-0152 x9021
176,Aliya D'Amore,243-326-3218 x26072
177,Eva Rohan,306.290.8379
178,Mozelle Champlin,839.357.3991
179,Katheryn Wunsch,1-429-344-5678
180,Junius Welch,(652) 588-7935 x28444
181,Tyra Nienow,1-469-631-8495 x2439
182,Royce Gottlieb,(804) 755-4427
183,Sam Murazik,1-961-546-2482 x867
184,Rossie Medhurst,561.482.1374
185,Kamren McCullough,1-698-279-9553
186,Cheyanne Gutmann,1-623-624-4585 x12182
187,Cleta Hodkiewicz,1-815-536-6333 x05710
188,Bobby Marquardt,746-349-6580 x595
189,Maxie Effertz,812-537-3090
190,Nasir Vandervort,362.295.7134 x6690
191,Ezekiel Nikolaus,254-382-8233
192,Elroy Hoppe-Marquardt,1-973-752-6201 x283
193,Amina Larson,206.205.4273 x936
194,Dallas Bergstrom,415-726-0814 x750
195,Ethel Braun,1-490-260-7486 x96936
196,Irma Homenick,844-553-7566 x29027
197,Rosendo Hoppe,782-914-3397 x54795
198,Yasmine Flatley,(612) 475-4826
199,Margret Corkery,(909) 589-4603 x2718
200,Toy Wisozk,(723) 608-2748 x5008
201,Kaylie Stracke,(225) 887-6421 x7914
202,Johnson Shanahan,1-305-476-7836 x239
203,Maeve Powlowski,794.607.1023 x9462
204,Raymond Towne,(797) 636-3156
205,Nicola Wisozk,928-897-5474
206,Thelma Baumbach,(833) 532-2356
207,Alfredo Altenwerth,845.808.6171 x470
208,Estella Satterfield,343.207.0974 x40978
209,Coty Rau,456-765-5885 x271
210,Genevieve Ferry,1-904-953-2169 x1513
211,Brown Kovacek,1-523-936-5432 x6137
212,Justen Ward,(390) 267-1755 x11566
213,Omari Legros,1-682-879-0767
214,Mohammed Sawayn,(559) 224-0900 x0730
215,Haskell Durgan,1-983-875-0899 x0826
216,Emmalee Ferry,527-741-8905 x1813
217,Myah Champlin,328.888.2397 x96016
218,Elfrieda Cartwright,1-815-550-4966 x57350
219,Savannah Auer,1-830-784-4317
220,Maymie Goldner,833.578.8938 x9727
221,Kennedi Kuvalis,1-459-215-2141 x99971
222,Levi Moore,700.769.1229 x35584
223,Melany Gleichner,409-612-6749 x502
224,Eric Durgan,603-256-1205 x6515
225,Gus Rosenbaum,1-894-589-6109 x153
226,Drake Murazik,235.274.6958 x769
227,Gennaro Maggio,466-857-3152 x1373
228,Darwin Beier,609-315-5867
229,Charley Franecki,1-997-654-3275 x70846
230,Mona Lockman,643.532.5058 x9277
231,Peter Davis,(674) 413-8515 x53385
232,Ellsworth Mueller,1-963-280-8979 x08655
233,Arielle Lubowitz,1-604-897-4601 x86511
234,Mack Moen,864-656-6033 x5361
235,Emilio Casper,867.275.7534 x5685
236,Keith Effertz,301-960-7583 x606
237,Ora Pouros,861.694.7876
238,Maximus Deckow,457.663.2838
239,Lucy Abernathy,(723) 375-4794 x683
240,Stephen Kunze,240.696.1687 x8920
241,Destini Hintz,567.492.9303 x4246
242,Mariane Mraz,1-429-361-5672 x76079
243,Ashton Roberts,293-360-3946 x00870
244,Cameron Leannon,811-761-0112 x431
245,Caroline Lesch,426.483.4631 x48959
246,Eugenia Littel,697.338.0044 x139
247,Tom Dare,321-625-9989 x9577
248,Emery Jacobson,772-867-8884 x508
249,Favian Medhurst,845-696-9693 x7748
250,Winfield Gorczany,1-652-499-6603
251,Gwen Batz,443.800.9326 x054
252,Freddy Wilderman,(907) 795-7944 x41558
253,Caden Dach,661.746.3439 x17554
254,Ayana Zieme,(731) 804-7317
255,Brian Towne,(476) 800-3745 x0883
256,Alysa Vandervort,1-903-357-2084 x8444
257,Retta Hoppe,(880) 456-2247 x7208
258,Nettie Lebsack,(885) 839-2544 x096
259,Darian Macejkovic,1-215-231-6693 x444
260,Imogene Kutch,(950) 309-2417 x12437
261,Abigayle Baumbach,581.802.3900 x50824
262,Summer Hermiston,(992) 480-1089 x2325
263,Era Kuvalis-McClure,803-354-6229 x378
264,Eugenia Mueller,337.581.2477 x078
265,Julius Torphy,561-999-5562 x7060
266,Benedict Harris,1-426-290-5393 x3277
267,Jensen Morissette,868.517.4427
268,Candelario Pfannerstill,695-734-1663 x4759
269,Frederic Barrows,(962) 429-0590 x345
270,Liana Von,1-736-961-4488
271,Kyla Rohan-Rosenbaum,1-850-611-6492 x82048
272,Adella Ebert,879-259-6885 x0132
273,Simone McGlynn,(735) 375-7784
274,Sam O'Kon,1-331-650-2787 x0052
275,Thalia Mohr,(777) 503-6265
276,Brody Goldner,470.567.4622 x8303
277,Ricky Gorczany,1-700-377-6886 x1512
278,Ignatius Torp,(270) 924-2389
279,Angelina Kutch,(710) 406-0970
280,Carissa Crona,(253) 866-1449 x242
281,Micheal Monahan,774.367.3601
282,Jeffery Ondricka,(308) 780-8412
283,Otha Hoeger,663-225-5396 x1815
284,Marguerite Doyle,689-638-8263 x760
285,Braulio Adams,1-565-904-8435 x7296
286,Meda Mann,431.421.4704
287,Carolyne Wolf,435-717-1248 x5234
288,Clyde Johns,1-688-268-4060
289,Linda Bednar,1-916-657-5476 x680
290,Dejah Harvey,249-889-3818 x2632
291,Clemens Bergnaum,(509) 758-8429
292,Neva Ebert,297-703-1954 x845
293,Herbert Collier,394.585.4997 x9939
294,Manuel Kiehn,748.925.0956 x027
295,Anibal Donnelly,(854) 242-3416 x318
296,Verlie Aufderhar,434-723-2415 x6026
297,Emely Hagenes,370-783-1673 x50475
298,Riley Durgan,942.412.3563 x757
299,Brook Huels,1-866-668-6915
300,Brianne Schumm,513-721-0797 x51271
